tree,n_simulations,alpha_mse,alpha_rmse,alpha_mae,alpha_correlation,rho_mse,rho_rmse,rho_mae,rho_correlation
OVERALL,5290,0.0044326114263705104,0.06657785988127367,0.042609393194707,0.9927277452415226,0.0006858990191304349,0.02618967390271278,0.018298499054820415,0.9953094230208616
BBS11002_8,50,0.003940862874000006,0.06277629229255266,0.04376660000000003,0.9935990789779926,0.0006412913880000002,0.02532373171552724,0.016440000000000003,0.9961948255001941
BBS11005_14,50,0.0031887084080000007,0.05646864978020991,0.0396248,0.9901323378484839,0.0003594580619999999,0.01895937926199062,0.012791800000000004,0.9975459238555516
BBS11006_8,50,0.002762036171999999,0.05255507750921883,0.037612,0.9966242056949475,0.000407864292,0.020195650323770215,0.016056400000000005,0.997531066848277
BBS11007_9,50,0.0025694470839999987,0.05068971378889408,0.03261240000000001,0.9956939327691494,0.00037675465799999995,0.019410168932804266,0.014453800000000008,0.997375598921696
BBS11011_5,50,0.003118661592,0.055844978216487824,0.041303599999999996,0.9955596969073635,0.0006865320279999996,0.026201756200682418,0.020866799999999994,0.9953574044014487
BBS11013_5,50,0.004203726341999998,0.06483614996281009,0.04708539999999999,0.9934298882072313,0.0003929353800000003,0.01982259771069373,0.015562000000000006,0.9977897885928978
BBS11014_6,50,0.011757369559999993,0.10843140486040008,0.0691972,0.986883442013476,0.0007359981259999998,0.027129285394200855,0.022931399999999994,0.9947280908928309
BBS11016_8,50,0.0025096072679999986,0.05009598055732614,0.03428239999999999,0.9958626718450139,0.0006095195639999999,0.024688450012100797,0.0193824,0.9957159867863588
BBS11018_14,50,0.001366985572,0.036972767978608254,0.024938,0.9977915681315626,0.0002830186519999999,0.01682315820528357,0.012289999999999994,0.9978109341835913
BBS11019_10,50,0.007350205529999998,0.08573333966433361,0.0563158,0.9881407267222589,0.0006111603140000001,0.024721656781049286,0.0192798,0.9957722845996663
BBS11020_9,50,0.003957759148000001,0.06291072363277982,0.040974800000000006,0.9929482523174756,0.00048749104799999997,0.02207919944200876,0.017327600000000002,0.9970476674843854
BBS11023_7,50,0.004336741123999998,0.0658539378017746,0.046022,0.9919088350083638,0.0005166350439999999,0.02272960721174037,0.016309999999999998,0.9970177288110131
BBS11026_7,50,0.005249749932,0.07245515807725493,0.04467880000000001,0.9920807702760401,0.0003919951600000001,0.01979886764438815,0.015598399999999998,0.9978468656666911
BBS11027_7,50,0.007504293216000001,0.08662732372640863,0.054645599999999996,0.9880652286555852,0.0007255932899999995,0.026936838901400428,0.021031799999999986,0.9947495159494251
BBS11028_10,50,0.0013196780099999999,0.03632737273737257,0.02576819999999999,0.9977266286536585,0.000294884392,0.01717219822853207,0.013916,0.9981047814658481
BBS11030_14,50,0.002623801346000002,0.051223054828856134,0.03512940000000002,0.9955418911877246,0.0004006247800000003,0.020015613405539194,0.014038400000000006,0.9976480733107629
BBS11031_11,50,0.0019287064100000021,0.04391704008696399,0.02835300000000001,0.9973042741852336,0.00032182529399999994,0.017939489792076026,0.014780199999999997,0.9974808623888569
BBS11032_8,50,0.0011715766940000008,0.03422830252875536,0.026386200000000005,0.9973733365594063,0.0005244540859999999,0.02290096255618964,0.018054999999999995,0.9960443117240705
BBS11033_11,50,0.002537652988000002,0.050375122709527986,0.03496480000000001,0.9961691155069129,0.000515816518,0.022711594351784287,0.016802600000000004,0.9964109725122784
BBS11034_8,50,0.003592973101999999,0.05994141391392097,0.0397966,0.9934452792043061,0.0002674077660000001,0.01635260731504307,0.012935000000000004,0.9981416510681292
BBS11035_5,50,0.005179083402000001,0.0719658488590248,0.05119380000000001,0.9926386391139874,0.0007417050200000003,0.02723426187727511,0.020496400000000005,0.9947813718483068
BBS11036_8,50,0.00316113362,0.056223959483479996,0.038452400000000005,0.99548416844397,0.000724419366,0.026915039773331192,0.021737400000000004,0.9944145874959202
BBS11037_5,50,0.003952749060000002,0.06287089199303603,0.0431152,0.9937866264717081,0.0006605988139999999,0.025702116916705518,0.019130199999999997,0.9949548765569739
BBS11038_8,50,0.0013199504479999996,0.03633112230581378,0.027464,0.9979832296620169,0.00056410144,0.02375081977532565,0.019280000000000005,0.9949625312847248
BBS12001_11,50,0.004145302200000001,0.06438402130963863,0.04715119999999999,0.9935065631457314,0.0004448318040000002,0.021091036105416922,0.017297600000000007,0.9971144495722574
BBS12002_6,50,0.008192166152,0.09051058585602018,0.065916,0.986487249512078,0.0020983130040000005,0.04580734661601783,0.032356,0.9835973700643523
BBS12003_8,50,0.006663771805999999,0.08163192883914969,0.053867000000000005,0.9903083517523695,0.0011257318259999998,0.0335519273067882,0.025627399999999988,0.991836282385565
BBS12004_15,50,0.002960651341999999,0.05441186765770863,0.036378999999999995,0.995847732675378,0.00047066570000000007,0.021694831181643247,0.017205200000000004,0.9968847132810494
BBS12005_9,50,0.008542177587999997,0.09242390160559116,0.06347119999999999,0.9872860336571574,0.001366825942,0.03697060916457829,0.0280774,0.9915857396661567
BBS12007_8,50,0.0031755913719999983,0.05635238568153081,0.041045999999999985,0.995555049694328,0.0009375671159999997,0.03061971776486517,0.022130799999999996,0.9948739218349822
BBS12008_13,50,0.004871977700000001,0.0697995537235017,0.0473816,0.9936548511769852,0.0005522025180000003,0.023498989722964693,0.018861000000000006,0.9965209262661959
BBS12009_5,50,0.008037315619999996,0.08965107707105362,0.05882719999999999,0.9889079849835021,0.0014633703020000002,0.03825402334395691,0.0298114,0.9923918355650283
BBS12010_7,50,0.012723760664000005,0.11279964833278518,0.07492000000000003,0.9802542657440148,0.0011738895859999996,0.03426207212064092,0.02650179999999999,0.9913867256350888
BBS12011_12,50,0.002212550702000003,0.04703775825865857,0.03347300000000002,0.9957871558533742,0.0004014984520000003,0.020037426281835705,0.01553080000000001,0.9972256963743249
BBS12013_8,50,0.006602900788,0.08125823520111669,0.049673999999999996,0.9898780116531914,0.000803947432,0.02835396677715483,0.022251199999999995,0.9956967388232851
BBS12014_9,50,0.004777785822,0.06912152936676097,0.050568999999999996,0.9936530952628425,0.0005007547080000002,0.02237754919556653,0.017388400000000002,0.996048042217826
BBS12015_12,50,0.003976358282000001,0.06305837202148498,0.042972199999999995,0.9913432677626511,0.0008419833900000001,0.029016950046481454,0.020751000000000006,0.9936920424456515
BBS12016_5,50,0.011730488013999998,0.10830737746801922,0.0728274,0.9814057924349193,0.001300613598,0.03606402082408449,0.029226199999999997,0.9886932793763992
BBS12017_7,50,0.004535109528000001,0.0673432218415484,0.05294560000000001,0.9914470529855797,0.0007897928640000003,0.028103253619465494,0.0208636,0.9956855189477292
BBS12019_5,50,0.013857179116,0.1177165201490428,0.0748992,0.9833671489725281,0.002472847418,0.04972773288618736,0.0345546,0.9858948476663677
BBS12021_6,50,0.009993706942000004,0.0999685297581194,0.0660618,0.9847354518068583,0.0017784228240000006,0.04217135074905712,0.030584800000000002,0.9875235482877217
BBS12022_5,50,0.008945728600000001,0.09458186189751183,0.06642400000000002,0.9860966945598357,0.0011008384160000008,0.03317888509278154,0.025463200000000016,0.9933690455013355
BBS12023_5,50,0.028000655158,0.16733396295432676,0.11229620000000001,0.973701232248042,0.002129011348,0.046141210950732536,0.0333604,0.9839790093749963
BBS12026_18,50,0.0011694327259999995,0.03419696954409849,0.02600379999999999,0.9980601648920409,0.00035298593800000004,0.018787920001958707,0.013900999999999998,0.9974090731035961
BBS12027_13,50,0.004022916399999998,0.06342646450812152,0.04782359999999999,0.9934549482335577,0.0004646309239999999,0.021555299209243185,0.017003599999999997,0.9966122476359071
BBS12028_8,50,0.004752652707999998,0.06893948584084449,0.04696839999999998,0.9918673287040141,0.0005065932779999995,0.02250762710727187,0.01681699999999999,0.9972649617060093
BBS12029_12,50,0.006106862087999997,0.07814641442830245,0.061541999999999986,0.9895996456243822,0.001660909402000001,0.04075425624398022,0.028521800000000014,0.9883208251259998
BBS12030_6,50,0.017142143744,0.13092800977636526,0.0963596,0.9658808320758365,0.0019983569799999997,0.044702986253716874,0.034252,0.9890610399065768
BBS12031_10,50,0.006181045875999996,0.07861962780374883,0.048481599999999986,0.9920716245147553,0.00041513138800000003,0.020374773323892467,0.0152372,0.9975923142393474
BBS12032_9,50,0.006539445214000005,0.08086683630512576,0.05214180000000001,0.9904641081372151,0.00046029412199999966,0.021454466248312952,0.01662419999999999,0.9954698048557528
BBS12033_7,50,0.005506394248,0.07420508235963356,0.05124600000000001,0.9898322678559458,0.0006220928000000001,0.024941788227791528,0.019307600000000008,0.995231904846173
BBS12035_27,50,0.001724801164000001,0.041530725541459076,0.0286256,0.9975029288653224,0.0002567643079999998,0.016023866824209435,0.012752799999999993,0.9983558483865279
BBS12036_7,50,0.019446704902,0.13945144281075045,0.092215,0.9647248329003171,0.001772798182,0.04210460998513108,0.033307399999999994,0.9880554074362318
BBS12037_13,50,0.001956522917999998,0.04423260017227111,0.030962599999999996,0.9961229284562598,0.000447174374,0.021146497913366175,0.016948199999999997,0.9954070139984025
BBS12038_10,50,0.0027690439619999984,0.05262170618670586,0.036100199999999985,0.9954781005536147,0.00039737668199999967,0.019934309167864324,0.014688199999999993,0.9976183964765736
BBS12039_11,50,0.0017628670939999998,0.04198651085765522,0.03181779999999999,0.9973194938029445,0.00045948251399999994,0.02143554324014206,0.016543400000000007,0.9969465083713677
BBS12040_5,50,0.006275371035999996,0.07921723951262122,0.050616,0.9888614511728173,0.0007271130719999999,0.026965034248077637,0.021503200000000007,0.994391479018236
BBS12041_7,50,0.0023520944020000004,0.04849839587037906,0.030439400000000023,0.996335646136384,0.0003597593100000001,0.018967322162076545,0.014780600000000001,0.9973887303147193
BBS12043_34,40,0.0024842398724999994,0.04984214955737763,0.029170750000000002,0.9964894081731738,0.00024726938249999993,0.01572480150908112,0.013063749999999999,0.9981903022268237
BBS12044_11,50,0.005384743334,0.07338081039345369,0.0519286,0.9897377428330626,0.0006879343359999997,0.02622850235907494,0.02003199999999999,0.9949099410240507
BBS20001_16,50,0.007020472624000001,0.08378826065744532,0.053706,0.9883475852620093,0.000857021512,0.029274929752264138,0.022217200000000003,0.9949217606655424
BBS20002_20,50,0.002507194633999999,0.05007189465159072,0.034388999999999996,0.9959394108404667,0.00028437274400000003,0.016863355063569053,0.012578400000000007,0.9983245853160118
BBS20003_74,3,0.007599455200000003,0.08717485417251929,0.07785333333333337,0.9694589694850654,9.045416666666702e-05,0.009510739543624724,0.006109999999999995,0.9996642929035423
BBS20004_55,10,0.00458187097999999,0.06768951898189254,0.04751199999999996,0.9920632981938434,0.007855167089999998,0.08862938051233349,0.04006899999999999,0.9672667770098222
BBS20005_42,21,0.0010926164333333321,0.03305474902844268,0.02332619047619047,0.9981427673430407,0.00022727244761904777,0.015075557953822066,0.012800952380952387,0.9987898731305174
BBS20006_51,14,0.00019116367142857143,0.013826195117550288,0.01079285714285714,0.9996685956091822,0.0001774506714285714,0.013321061197538708,0.009652857142857145,0.9990972306622192
BBS20007_23,50,0.001568924146000001,0.03960964713299023,0.027577800000000006,0.9972697974168346,0.0003316902620000001,0.018212365634370512,0.014406600000000002,0.9977821134994223
BBS20008_56,7,8.423042857142878e-05,0.009177713689772021,0.007497142857142853,0.9994817353733408,3.6162557142857095e-05,0.00601353117085603,0.005009999999999987,0.9996672439337567
BBS20009_29,50,0.004455160106000001,0.06674698574467615,0.04798460000000002,0.9934398000736335,0.0005851470940000002,0.024189813847981554,0.0179446,0.9971665167841329
BBS20010_29,50,0.002005668992,0.04478469595743617,0.0306028,0.9966842158056979,0.0003784033119999998,0.019452591395492783,0.014624799999999993,0.9969449496538826
BBS20011_21,50,0.0041169839940000015,0.06416372802448438,0.044154600000000016,0.992759362062081,0.0005156585319999998,0.02270811599406696,0.016278799999999993,0.9968190140208274
BBS20012_27,50,0.0029024942820000035,0.05387480192074959,0.03534260000000002,0.9953975644385208,0.00026699270200000004,0.016339911321668794,0.012717400000000005,0.997731038177947
BBS20013_28,50,0.0016870662360000013,0.04107391186629296,0.029261600000000002,0.9971448688027131,0.0002862377140000003,0.01691856122724389,0.013514600000000009,0.9985004651312052
BBS20014_65,5,0.0002072183600000021,0.014395081104321784,0.01225600000000004,0.9998182471484918,0.0005630534,0.023728746279565636,0.020159999999999994,0.9974504784930944
BBS20015_37,29,0.0009687866862068953,0.031125338330802048,0.023372068965517207,0.9978997626335214,0.00029418762758620686,0.017151898658347035,0.011936551724137929,0.9983559528380141
BBS20016_27,50,0.002864803748000002,0.053523861482520134,0.04223160000000001,0.9951396819313277,0.0003917215880000001,0.01979195765961518,0.014000799999999997,0.9974317300837403
BBS20017_45,26,0.0021718416076923113,0.04660302144381104,0.03206461538461541,0.9960404975540367,0.0003423208999999997,0.018501916116986362,0.015205384615384608,0.9976000977049492
BBS20018_53,9,0.006462150111111118,0.08038749971924192,0.06251111111111113,0.9931809118183359,0.00015305082222222228,0.012371371072852931,0.009066666666666674,0.9990727241526729
BBS20019_24,50,0.0023055949439999986,0.04801661112573438,0.03421079999999999,0.9965921756740085,0.00040967498799999996,0.020240429540896606,0.0149888,0.9967275622081391
BBS20020_16,50,0.0017409899840000016,0.04172517206675128,0.033226800000000015,0.9956202187538795,0.0005374961260000001,0.02318396268975604,0.017761800000000005,0.99636579790582
BBS20021_53,10,0.0013463617999999993,0.036692803109056676,0.021247999999999996,0.9979557045837448,6.91713300000002e-05,0.00831693032314208,0.0075670000000000156,0.999382848485212
BBS20022_58,8,0.00022975593750000078,0.015157702250011404,0.013628750000000026,0.9996863420191401,0.008416598862500001,0.09174202342710783,0.046906250000000003,0.8672579161682468
BBS20023_31,50,0.0019217556340000016,0.04383783336343166,0.029216600000000006,0.9960546893111074,0.0004156281500000001,0.020386960293285513,0.015439800000000009,0.99775657183009
BBS20024_30,40,0.0028012730500000024,0.05292705404611145,0.03851350000000001,0.9957374867138042,0.0003948291224999999,0.01987030755927044,0.01393425,0.9974185389213454
BBS20025_81,3,0.008404179,0.09167430937836402,0.06534666666666665,0.9269705926051879,0.032729287266666664,0.18091237455372328,0.14555333333333334,0.8627490246454069
BBS20026_32,50,0.0018952733819999992,0.04353473764707902,0.031006999999999993,0.9976131208953737,0.00030800279400000017,0.017550008376066382,0.013627,0.9969582141667661
BBS20027_29,50,0.002833165559999999,0.05322748876285635,0.035978399999999994,0.9954001151852548,0.00029789880999999974,0.017259745363127455,0.013841,0.9982109400423861
BBS20028_54,9,0.0011826253444444438,0.034389320209106254,0.027249999999999983,0.9985223445097335,0.0004888139666666666,0.02210913762828995,0.017683333333333336,0.9966467870788274
BBS20029_29,50,0.002766156514000001,0.05259426312821581,0.0376418,0.9948823669133826,0.0004096939280000001,0.020240897410935123,0.015898400000000007,0.9971158260993279
BBS20030_47,4,0.005599644724999995,0.07483077391688525,0.050662499999999944,0.9961777752264053,0.00028408232499999947,0.016854741914369364,0.013562499999999991,0.9959023315937575
BBS20031_60,7,0.005896873228571432,0.07679110123296469,0.04548000000000001,0.9929672653612466,0.0007067300428571433,0.026584394724295368,0.01741285714285713,0.996527074453593
BBS20032_61,6,0.0005624327500000013,0.023715664654400923,0.01989166666666668,0.999227762636934,0.00035860910000000016,0.01893697705548592,0.015026666666666674,0.9985576407389155
BBS20033_48,16,0.0031013137937499977,0.05568944059469441,0.042243124999999986,0.9947269261677776,0.0003469795625000001,0.018627387430877152,0.014436250000000008,0.998949997356715
BBS20034_59,4,0.0032591683500000105,0.05708912637271664,0.04342500000000005,0.9903730637955027,4.3719224999999487e-05,0.006612051497077097,0.006282499999999955,0.9996133482277121
BBS20035_35,50,0.002057373208000001,0.04535827606953334,0.03420280000000002,0.9968353317536419,0.0006889307699999999,0.026247490737211433,0.020349399999999997,0.9957658832886052
BBS20036_91,1,0.00018496000000000002,0.013600000000000001,0.013600000000000001,,0.00027192010000000013,0.016490000000000005,0.016490000000000005,
BBS20037_65,6,0.0002475556833333329,0.015733902355529378,0.013488333333333343,0.9998097691632446,0.0003346797666666667,0.01829425501808332,0.017906666666666664,0.9984769467666159
BBS20038_42,29,0.004051874203448276,0.0636543337365829,0.040516206896551714,0.9936949617189799,0.0009096246413793109,0.03015998410774301,0.022151724137931046,0.9928564718975004
BBS20039_91,1,0.0007700624999999968,0.02774999999999994,0.02774999999999994,,0.00017134809999999975,0.01308999999999999,0.01308999999999999,
BBS20040_87,2,0.00010616964999999975,0.010303865779405308,0.008094999999999991,1.0,0.00019541920000000005,0.013979241753399934,0.012960000000000003,1.0
BBS20041_48,14,0.001947545828571428,0.04413100756351964,0.02558571428571426,0.997011909481374,0.0006114054214285714,0.024726613626385868,0.020352142857142853,0.9958639736190946
BBS30002_31,50,0.001708472049999999,0.04133366727015641,0.029742200000000003,0.9968861688517555,0.00039549607999999985,0.01988708324516192,0.0149908,0.9970904581402955
BBS30004_50,17,0.0027736906705882343,0.05266583969318475,0.035890588235294105,0.9959152688542227,0.0004029644470588236,0.02007397437128043,0.015945882352941188,0.9976284731698315
BBS30006_18,50,0.0029715491040000017,0.05451191708241421,0.03674360000000002,0.9956256326117987,0.00023443117200000016,0.01531114535232424,0.011489600000000011,0.9984360517028472
BBS30007_24,50,0.001906084480000001,0.04365872742075748,0.030745200000000014,0.9970554618217021,0.0005160933160000003,0.0227176872942648,0.016574000000000005,0.9967358803736931
BBS30008_36,30,0.0036859570066666678,0.06071208287208295,0.04268533333333334,0.9939789433510058,0.00016960934333333345,0.01302341519469196,0.009961000000000003,0.9986554500995853
BBS30009_38,28,0.0042058944,0.06485286732288711,0.04688714285714285,0.9931757124008298,0.0003765920357142861,0.019405979380445762,0.015115000000000019,0.9983422462531606
BBS30010_50,16,0.001286592568750001,0.03586910326102398,0.02444062500000002,0.9984214479135299,0.00025170067499999984,0.015865077213805166,0.012917499999999995,0.9985132775974982
BBS30011_65,4,0.0040249995499999965,0.06344288415575065,0.04387499999999997,0.9982387127580598,0.005067805825,0.07118852312697602,0.04816249999999998,0.9885482256450363
BBS30012_65,6,0.004921246800000006,0.07015159869881803,0.04935000000000004,0.9956620429934316,0.002519947716666666,0.0501990808348785,0.02535833333333332,0.9844138854026342
BBS30013_86,3,0.0026903049666666718,0.05186814982883688,0.044916666666666695,0.9988414082008414,0.0041914011000000004,0.0647410310390559,0.03906333333333334,0.9796063579530959
BBS30014_44,26,0.0023858714538461533,0.048845383137469126,0.03406923076923077,0.9970175914825075,0.0005553806576923079,0.023566515603548777,0.018140384615384617,0.9953194042278223
BBS30015_21,50,0.006474183795999997,0.08046231289243429,0.049178,0.9906931671247238,0.0006753873959999998,0.025988216483629648,0.0191572,0.9944790169541556
BBS30016_37,38,0.005681367055263161,0.07537484365000806,0.0486213157894737,0.9947316576838443,0.00031624374999999984,0.01778324351742392,0.013043421052631572,0.9979681472233208
BBS30017_15,50,0.004660153102000001,0.06826531404747217,0.049474600000000014,0.9931510078049639,0.000645286314,0.025402486374368947,0.0196746,0.9952488824634798
BBS30018_78,3,0.0035799701999999975,0.05983285218005237,0.052733333333333327,0.9992279407098136,0.023209179900000005,0.1523455936349982,0.10015666666666667,0.7338049119893983
BBS30019_34,50,0.0016525719819999987,0.04065183860540626,0.0285926,0.9976808246876889,0.0002667362540000002,0.016332062147812205,0.012683400000000004,0.9981172596072952
BBS30020_56,8,0.0017506437874999993,0.04184069535153544,0.03412875,0.9950463700203441,0.0003866813000000003,0.01966421368883079,0.014197500000000023,0.9960332223593812
BBS30022_66,5,0.0010768106000000005,0.032814792396113075,0.02528400000000002,0.9959242149459283,0.0009983501400000004,0.0315966792558965,0.027750000000000007,0.9940471439521564
BBS30023_77,2,0.0038303276500000006,0.06188964089409471,0.057925000000000004,1.0,2.7267250000000222e-05,0.005221805243400047,0.004885000000000028,0.9999999999999999
BBS30024_69,4,0.0002480685249999992,0.015750191268679856,0.012587500000000001,0.9995940007618086,0.00019887364999999964,0.014102256911572688,0.012074999999999975,0.9998949707761049
BBS30025_74,5,0.003422975779999997,0.058506202919006774,0.035878,0.9991470315152015,0.0003708497600000004,0.01925745985326207,0.015544000000000002,0.9943458911067166
BBS30026_81,3,0.0010649462333333366,0.03263351395932312,0.03237666666666672,0.9786956511857293,0.00014596696666666593,0.012081678967207576,0.008849999999999988,0.9113888929184041
BBS30027_20,50,0.004133319557999999,0.06429089794053276,0.0426962,0.9931247374043733,0.0005836651920000002,0.024159163727248512,0.018003600000000005,0.9968228950091027
BBS30028_89,2,0.0005071896999999981,0.02252087254082306,0.021159999999999957,1.0,8.35587999999992e-05,0.009141050267884933,0.008179999999999965,0.9999999999999999
BBS30029_98,1,3.457439999999865e-05,0.005879999999999885,0.005879999999999885,,0.0005340720999999983,0.023109999999999964,0.023109999999999964,
BBS30030_62,7,0.0005751202571428574,0.023981665020236968,0.021394285714285723,0.999090875679276,0.00016707608571428604,0.012925791492759197,0.008571428571428587,0.9988714030486426
BBS50001_34,50,0.0009942540439999998,0.031531794176671894,0.022284800000000007,0.9986676897097411,0.00029138287600000026,0.017069940714601217,0.013454000000000011,0.9983435165682167
BBS50002_13,50,0.001655499779999999,0.04068783331660705,0.026675199999999996,0.9978183783649052,0.000294867238,0.017171698751142824,0.013685000000000001,0.9983351930067591
BBS50003_43,36,0.0017265771861111104,0.04155210206609421,0.026629166666666662,0.9975311941141416,0.000522247066666667,0.02285272558507337,0.014451666666666668,0.9970494676411199
BBS50005_11,50,0.008950411799999995,0.09460661604771621,0.06398639999999998,0.9848287769245754,0.0011200440839999994,0.03346705968560727,0.0244348,0.9932794729000898
BBS50006_60,9,0.00033846177777777754,0.018397330724259364,0.013871111111111103,0.9996353535852742,0.00016955583333333322,0.013021360655988806,0.011189999999999999,0.9986506752099961
BBS50007_23,50,0.0008881498020000006,0.029801842258491345,0.022429000000000004,0.9983159184782254,0.00037237848600000004,0.019297110820016557,0.015358200000000006,0.9972385273112963
BBS50008_26,50,0.002012843050000001,0.04486471943520878,0.0333994,0.9963125433210246,0.000358338116,0.018929820812675434,0.015588400000000002,0.9969667576573583
BBS50009_28,50,0.0013697083479999998,0.037009571032369445,0.025917199999999994,0.9976790151719245,0.00029977591800000014,0.017314038177155558,0.013220600000000006,0.9976872097196999
BBS50010_17,50,0.004661232452000003,0.06827321914191539,0.046209200000000006,0.992529375138952,0.0005612456020000002,0.023690622659609438,0.017547400000000008,0.9960997476405665
BBS50011_36,42,0.002146053545238094,0.046325517215008986,0.03534166666666666,0.9964085041017582,0.0002448787404761904,0.015648601869693995,0.011091190476190473,0.9981806038976676
BBS50012_49,21,0.0012197297523809528,0.03492462959547249,0.02494380952380953,0.9981165986894219,0.00017269152857142853,0.013141214881867983,0.010678571428571424,0.9986794870321765
BBS50013_18,50,0.004003157496000002,0.06327051047684064,0.04823639999999999,0.9932494473048923,0.0009718519340000001,0.031174539836218915,0.0215714,0.9937003620530249
BBS50014_30,50,0.0028266898319999983,0.05316662328942848,0.0357444,0.9956647361136968,0.00022293523600000007,0.014931015906494777,0.011731600000000002,0.9985963217449993
BBS50015_32,50,0.0014081917499999999,0.037525881068936943,0.0228818,0.9974122119691513,0.0002718199539999999,0.016486963152745865,0.0133546,0.9983118560725186
BBS50016_18,50,0.0013806779220000022,0.03715747464508322,0.026475000000000016,0.9983570197372036,0.0004593663500000002,0.021432833457105015,0.0161954,0.9960812159975317
